subjects/s-1/P_20160319_134744.jpg;1
subjects/s-1/P_20160319_134838.jpg;1
subjects/s-1/P_20160319_134917.jpg;1
subjects/s-1/P_20160319_134748.jpg;1
subjects/s-1/P_20160319_134841.jpg;1
subjects/s-2/P_20160319_135959.jpg;2
subjects/s-2/P_20160319_140006.jpg;2
subjects/s-2/P_20160319_135957.jpg;2
subjects/s-2/P_20160319_140014.jpg;2
subjects/s-0/P_20160319_124326_BF.jpg;0
subjects/s-0/P_20160319_124341_BF.jpg;0
subjects/s-0/P_20160319_134539_BF.jpg;0
subjects/s-0/P_20160319_124333_BF.jpg;0
subjects/s-0/P_20160319_124346_BF.jpg;0
subjects/s-0/P_20160319_134532_BF.jpg;0
subjects/s-3/P_20160318_204047.jpg;3
subjects/s-3/P_20160318_204113.jpg;3
subjects/s-3/P_20160318_204106.jpg;3
subjects/s-3/P_20160318_204041.jpg;3
subjects/s-3/P_20160318_204111.jpg;3
subjects/s-3/P_20160318_204044.jpg;3
